<ImportExportXml version="9.2.22061.158" SolutionPackageVersion="9.2" languagecode="3082" generatedBy="CrmLive" xmlns:xsi="http://www.w3.org/2001/XMLSchema-instance">
  <SolutionManifest>
    <UniqueName>prodegame</UniqueName>
    <LocalizedNames>
      <LocalizedName description="Juego del Prode" languagecode="3082" />
    </LocalizedNames>
    <Descriptions />
    <Version>1.0.0.0</Version>
    <Managed>0</Managed>
    <Publisher>
      <UniqueName>baraveze</UniqueName>
      <LocalizedNames>
        <LocalizedName description="Ezequiel Baravalle" languagecode="3082" />
      </LocalizedNames>
      <Descriptions />
      <EMailAddress xsi:nil="true"></EMailAddress>
      <SupportingWebsiteUrl xsi:nil="true"></SupportingWebsiteUrl>
      <CustomizationPrefix>bar</CustomizationPrefix>
      <CustomizationOptionValuePrefix>75523</CustomizationOptionValuePrefix>
      <Addresses>
        <Address>
          <AddressNumber>1</AddressNumber>
          <AddressTypeCode>1</AddressTypeCode>
          <City xsi:nil="true"></City>
          <County xsi:nil="true"></County>
          <Country xsi:nil="true"></Country>
          <Fax xsi:nil="true"></Fax>
          <FreightTermsCode xsi:nil="true"></FreightTermsCode>
          <ImportSequenceNumber xsi:nil="true"></ImportSequenceNumber>
          <Latitude xsi:nil="true"></Latitude>
          <Line1 xsi:nil="true"></Line1>
          <Line2 xsi:nil="true"></Line2>
          <Line3 xsi:nil="true"></Line3>
          <Longitude xsi:nil="true"></Longitude>
          <Name xsi:nil="true"></Name>
          <PostalCode xsi:nil="true"></PostalCode>
          <PostOfficeBox xsi:nil="true"></PostOfficeBox>
          <PrimaryContactName xsi:nil="true"></PrimaryContactName>
          <ShippingMethodCode>1</ShippingMethodCode>
          <StateOrProvince xsi:nil="true"></StateOrProvince>
          <Telephone1 xsi:nil="true"></Telephone1>
          <Telephone2 xsi:nil="true"></Telephone2>
          <Telephone3 xsi:nil="true"></Telephone3>
          <TimeZoneRuleVersionNumber xsi:nil="true"></TimeZoneRuleVersionNumber>
          <UPSZone xsi:nil="true"></UPSZone>
          <UTCOffset xsi:nil="true"></UTCOffset>
          <UTCConversionTimeZoneCode xsi:nil="true"></UTCConversionTimeZoneCode>
        </Address>
        <Address>
          <AddressNumber>2</AddressNumber>
          <AddressTypeCode>1</AddressTypeCode>
          <City xsi:nil="true"></City>
          <County xsi:nil="true"></County>
          <Country xsi:nil="true"></Country>
          <Fax xsi:nil="true"></Fax>
          <FreightTermsCode xsi:nil="true"></FreightTermsCode>
          <ImportSequenceNumber xsi:nil="true"></ImportSequenceNumber>
          <Latitude xsi:nil="true"></Latitude>
          <Line1 xsi:nil="true"></Line1>
          <Line2 xsi:nil="true"></Line2>
          <Line3 xsi:nil="true"></Line3>
          <Longitude xsi:nil="true"></Longitude>
          <Name xsi:nil="true"></Name>
          <PostalCode xsi:nil="true"></PostalCode>
          <PostOfficeBox xsi:nil="true"></PostOfficeBox>
          <PrimaryContactName xsi:nil="true"></PrimaryContactName>
          <ShippingMethodCode>1</ShippingMethodCode>
          <StateOrProvince xsi:nil="true"></StateOrProvince>
          <Telephone1 xsi:nil="true"></Telephone1>
          <Telephone2 xsi:nil="true"></Telephone2>
          <Telephone3 xsi:nil="true"></Telephone3>
          <TimeZoneRuleVersionNumber xsi:nil="true"></TimeZoneRuleVersionNumber>
          <UPSZone xsi:nil="true"></UPSZone>
          <UTCOffset xsi:nil="true"></UTCOffset>
          <UTCConversionTimeZoneCode xsi:nil="true"></UTCConversionTimeZoneCode>
        </Address>
      </Addresses>
    </Publisher>
    <RootComponents>
      <RootComponent type="1" schemaName="bar_estadisticatorneojugador" behavior="0" />
      <RootComponent type="1" schemaName="bar_fase" behavior="0" />
      <RootComponent type="1" schemaName="bar_fecha" behavior="0" />
      <RootComponent type="1" schemaName="bar_ganadoresdelafecha" behavior="0" />
      <RootComponent type="1" schemaName="bar_jugada" behavior="0" />
      <RootComponent type="1" schemaName="bar_jugadadetalle" behavior="0" />
      <RootComponent type="1" schemaName="bar_jugadorprode" behavior="0" />
      <RootComponent type="1" schemaName="bar_notificaciones" behavior="0" />
      <RootComponent type="1" schemaName="bar_partido" behavior="0" />
      <RootComponent type="1" schemaName="bar_premio" behavior="0" />
      <RootComponent type="1" schemaName="bar_torneo" behavior="0" />
      <RootComponent type="1" schemaName="systemuser" behavior="2" />
      <RootComponent type="9" schemaName="bar_resultadoprediccion" behavior="0" />
      <RootComponent type="9" schemaName="bar_resultados" behavior="0" />
      <RootComponent type="29" id="{0aa1cd3f-bebd-ec11-983f-00224836f3b8}" behavior="0" />
      <RootComponent type="29" id="{10a907a9-b6bd-ec11-983f-00224836f3b8}" behavior="0" />
      <RootComponent type="29" id="{2d61fcf2-8ab3-ec11-983e-000d3ac049ce}" behavior="0" />
      <RootComponent type="29" id="{30cfa098-fdb2-ec11-983e-000d3ac049ce}" behavior="0" />
      <RootComponent type="29" id="{3336dfa8-d1bd-ec11-983f-00224836f3b8}" behavior="0" />
      <RootComponent type="29" id="{49f36016-54ec-ec11-bb3c-00224836dc14}" behavior="0" />
      <RootComponent type="29" id="{4be826b5-2be5-ec11-bb3c-002248de5e00}" behavior="0" />
      <RootComponent type="29" id="{5502283c-d8bd-ec11-983f-00224836f3b8}" behavior="0" />
      <RootComponent type="29" id="{6f899e36-efb2-ec11-983e-000d3ac049ce}" behavior="0" />
      <RootComponent type="29" id="{781d2296-c9bd-ec11-983f-00224836f3b8}" behavior="0" />
      <RootComponent type="29" id="{7a2e3d2a-b9bd-ec11-983f-00224836f3b8}" behavior="0" />
      <RootComponent type="29" id="{897a37ea-24e5-ec11-bb3c-002248de5e00}" behavior="0" />
      <RootComponent type="29" id="{a21f676c-1ee5-ec11-bb3c-002248de5e00}" behavior="0" />
      <RootComponent type="29" id="{a86c1c11-f8cf-ec11-a7b5-002248384213}" behavior="0" />
      <RootComponent type="29" id="{ada39b93-d2bd-ec11-983f-00224836f3b8}" behavior="0" />
      <RootComponent type="29" id="{af1ac1ce-b9bd-ec11-983f-00224836f3b8}" behavior="0" />
      <RootComponent type="29" id="{b26b8d60-c4bd-ec11-983f-00224836f3b8}" behavior="0" />
      <RootComponent type="29" id="{e6a21f59-ecb2-ec11-983e-000d3ac049ce}" behavior="0" />
      <RootComponent type="29" id="{ffa8e3dc-d2bd-ec11-983f-00224836f3b8}" behavior="0" />
      <RootComponent type="60" id="{63b5ca97-d9ec-ec11-bb3c-00224836dc14}" />
      <RootComponent type="60" id="{a07b6d87-84b3-ec11-983e-000d3ac049ce}" behavior="0" />
      <RootComponent type="61" schemaName="bar_estadisticajugadorprodesvg" behavior="0" />
      <RootComponent type="61" schemaName="bar_fasesvg" behavior="0" />
      <RootComponent type="61" schemaName="bar_fechasvg" behavior="0" />
      <RootComponent type="61" schemaName="bar_jugadadetallesvg" behavior="0" />
      <RootComponent type="61" schemaName="bar_jugadasvg" behavior="0" />
      <RootComponent type="61" schemaName="bar_jugadorsvg" behavior="0" />
      <RootComponent type="61" schemaName="bar_partidosvg" behavior="0" />
      <RootComponent type="61" schemaName="bar_torneosvg" behavior="0" />
      <RootComponent type="62" schemaName="bar_Administradorprode" behavior="0" />
      <RootComponent type="62" schemaName="bar_Jugadorprode" behavior="0" />
      <RootComponent type="80" schemaName="bar_Administradorprode" behavior="0" />
      <RootComponent type="80" schemaName="bar_Jugadorprode" behavior="0" />
      <RootComponent type="91" id="{4af5628c-c1f3-4ac1-ab2d-15dde2352c19}" schemaName="Prode.Plugin, Version=1.0.0.0, Culture=neutral, PublicKeyToken=587bda4fe86bd7d3" behavior="0" />
      <RootComponent type="92" id="{2c92129c-03ea-ec11-bb3c-00224836dc14}" behavior="0" />
      <RootComponent type="92" id="{e6e78c83-03ea-ec11-bb3c-00224836dc14}" behavior="0" />
      <RootComponent type="300" schemaName="bar_prodegameplayer_e41b8" behavior="0" />
    </RootComponents>
    <MissingDependencies>
      <MissingDependency>
        <Required type="61" schemaName="msdyn_/Images/AppModule_Default_Icon.png" displayName="msdyn_/Images/AppModule_Default_Icon.png" solution="AppModuleWebResources (2.5)" />
        <Dependent type="80" schemaName="bar_Administradorprode" displayName="Administrador prode" />
      </MissingDependency>
      <MissingDependency>
        <Required type="61" schemaName="msdyn_/Images/AppModule_Default_Icon.png" displayName="msdyn_/Images/AppModule_Default_Icon.png" solution="AppModuleWebResources (2.5)" />
        <Dependent type="80" schemaName="bar_Jugadorprode" displayName="Jugador prode" />
      </MissingDependency>
      <MissingDependency>
        <Required type="66" schemaName="MscrmControls.Grid.GridControl" displayName="MscrmControls.Grid.GridControl" solution="BaseCustomControlsCore (9.0.2206.1009)" />
        <Dependent type="60" displayName="Fecha admin" parentDisplayName="Fecha" id="{182c9c9f-d056-4187-a734-ec365bcff75f}" />
      </MissingDependency>
      <MissingDependency>
        <Required type="66" schemaName="MscrmControls.Grid.GridControl" displayName="MscrmControls.Grid.GridControl" solution="BaseCustomControlsCore (9.0.2206.1009)" />
        <Dependent type="60" displayName="Jugada admin" parentDisplayName="Jugada" id="{1d416842-73bb-45a0-aa34-df0386dbad04}" />
      </MissingDependency>
      <MissingDependency>
        <Required type="66" schemaName="MscrmControls.Grid.GridControl" displayName="MscrmControls.Grid.GridControl" solution="BaseCustomControlsCore (9.0.2206.1009)" />
        <Dependent type="60" displayName="Fecha Jugador" parentDisplayName="Fecha" id="{1e48dd84-b1c2-ec11-983e-000d3ac13285}" />
      </MissingDependency>
      <MissingDependency>
        <Required type="66" schemaName="MscrmControls.Grid.GridControl" displayName="MscrmControls.Grid.GridControl" solution="BaseCustomControlsCore (9.0.2206.1009)" />
        <Dependent type="60" displayName="Jugada" parentDisplayName="Jugada" id="{461a001f-b3c2-ec11-983e-000d3ac13285}" />
      </MissingDependency>
      <MissingDependency>
        <Required type="66" schemaName="MscrmControls.Grid.GridControl" displayName="MscrmControls.Grid.GridControl" solution="BaseCustomControlsCore (9.0.2206.1009)" />
        <Dependent type="68" id="{6ed07779-29fa-4365-bbe0-d116b1817df6}" />
      </MissingDependency>
      <MissingDependency>
        <Required type="66" schemaName="MscrmControls.Grid.GridControl" displayName="MscrmControls.Grid.GridControl" solution="BaseCustomControlsCore (9.0.2206.1009)" />
        <Dependent type="68" id="{f752fecf-ccd4-4e5a-b29a-7c24a0e48d33}" />
      </MissingDependency>
    </MissingDependencies>
  </SolutionManifest>
</ImportExportXml>