{
  "properties": {
    "connectionReferences": {
      "shared_commondataserviceforapps": {
        "runtimeSource": "embedded",
        "connection": {
          "connectionReferenceLogicalName": "bar_sharedcommondataserviceforapps_e1aae"
        },
        "api": {
          "name": "shared_commondataserviceforapps"
        }
      }
    },
    "definition": {
      "$schema": "https://schema.management.azure.com/providers/Microsoft.Logic/schemas/2016-06-01/workflowdefinition.json#",
      "contentVersion": "1.0.0.0",
      "parameters": {
        "$connections": {
          "defaultValue": {},
          "type": "Object"
        },
        "$authentication": {
          "defaultValue": {},
          "type": "SecureObject"
        }
      },
      "triggers": {
        "Ejecuta_cada_un_día": {
          "recurrence": {
            "frequency": "Day",
            "interval": 1,
            "startTime": "2022-06-05T13:00:00Z"
          },
          "metadata": {
            "operationMetadataId": "3600708f-92af-4686-8202-3a4eb5cafaf3"
          },
          "type": "Recurrence"
        }
      },
      "actions": {
        "Obtener_las_fechas_con_estado_En_Curso": {
          "runAfter": {},
          "metadata": {
            "operationMetadataId": "edc53285-1061-4c65-8c36-5ce0c32ad49a"
          },
          "type": "OpenApiConnection",
          "inputs": {
            "host": {
              "connectionName": "shared_commondataserviceforapps",
              "operationId": "ListRecords",
              "apiId": "/providers/Microsoft.PowerApps/apis/shared_commondataserviceforapps"
            },
            "parameters": {
              "entityName": "bar_fechas",
              "$filter": "statuscode eq \t755230000"
            },
            "authentication": "@parameters('$authentication')"
          }
        },
        "Aplicar_a_cada_uno": {
          "foreach": "@outputs('Obtener_las_fechas_con_estado_En_Curso')?['body/value']",
          "actions": {
            "Condición": {
              "actions": {
                "Cambiar_estado_a_Calcular_resultados": {
                  "runAfter": {},
                  "metadata": {
                    "operationMetadataId": "989ca8dc-44ee-4812-8868-a177b429c85f"
                  },
                  "type": "OpenApiConnection",
                  "inputs": {
                    "host": {
                      "connectionName": "shared_commondataserviceforapps",
                      "operationId": "UpdateRecord",
                      "apiId": "/providers/Microsoft.PowerApps/apis/shared_commondataserviceforapps"
                    },
                    "parameters": {
                      "entityName": "bar_fechas",
                      "recordId": "@items('Aplicar_a_cada_uno')?['bar_fechaid']",
                      "item/statuscode": 755230001
                    },
                    "authentication": "@parameters('$authentication')"
                  }
                }
              },
              "runAfter": {},
              "expression": {
                "lessOrEquals": [
                  "@items('Aplicar_a_cada_uno')?['bar_fechafin']",
                  "@utcNow()"
                ]
              },
              "metadata": {
                "operationMetadataId": "ec110729-967f-49ac-876e-4fa190a27d62"
              },
              "type": "If"
            }
          },
          "runAfter": {
            "Obtener_las_fechas_con_estado_En_Curso": [
              "Succeeded"
            ]
          },
          "metadata": {
            "operationMetadataId": "9e39af8a-6888-41b6-8d21-f39b37f837fd"
          },
          "type": "Foreach"
        }
      }
    },
    "templateName": null
  },
  "schemaVersion": "1.0.0.0"
}