{
  "properties": {
    "connectionReferences": {
      "shared_commondataserviceforapps_1": {
        "runtimeSource": "embedded",
        "connection": {
          "connectionReferenceLogicalName": "bar_sharedcommondataserviceforapps_e1aae"
        },
        "api": {
          "name": "shared_commondataserviceforapps"
        }
      }
    },
    "definition": {
      "$schema": "https://schema.management.azure.com/providers/Microsoft.Logic/schemas/2016-06-01/workflowdefinition.json#",
      "contentVersion": "1.0.0.0",
      "parameters": {
        "$connections": {
          "defaultValue": {},
          "type": "Object"
        },
        "$authentication": {
          "defaultValue": {},
          "type": "SecureObject"
        }
      },
      "triggers": {
        "manual": {
          "metadata": {
            "operationMetadataId": "55ec95c0-e9cd-46a8-a5cd-3d457e8266fc"
          },
          "type": "Request",
          "kind": "Button",
          "inputs": {
            "schema": {
              "type": "object",
              "properties": {},
              "required": []
            }
          }
        }
      },
      "actions": {
        "Crear_Torneo": {
          "runAfter": {},
          "metadata": {
            "operationMetadataId": "3e1d82e6-b79f-41f6-913e-85fded3ec08e"
          },
          "type": "OpenApiConnection",
          "inputs": {
            "host": {
              "connectionName": "shared_commondataserviceforapps_1",
              "operationId": "CreateRecord",
              "apiId": "/providers/Microsoft.PowerApps/apis/shared_commondataserviceforapps"
            },
            "parameters": {
              "entityName": "bar_torneos",
              "item/bar_descripcion": "Este es un torneo demo para probar el circuito",
              "item/statecode": 0,
              "item/bar_fechafintorneo": "@addDays(utcNow(),30)",
              "item/bar_fechainicio": "@utcNow()",
              "item/bar_name": "Copa Demo",
              "item/statuscode": 755230000
            },
            "authentication": {
              "type": "Raw",
              "value": "@json(decodeBase64(triggerOutputs().headers['X-MS-APIM-Tokens']))['$ConnectionKey']"
            }
          }
        },
        "Crear_Fase": {
          "runAfter": {
            "Crear_Torneo": [
              "Succeeded"
            ]
          },
          "metadata": {
            "operationMetadataId": "d4b35184-c053-4dcb-9732-d697876b8542"
          },
          "type": "OpenApiConnection",
          "inputs": {
            "host": {
              "connectionName": "shared_commondataserviceforapps_1",
              "operationId": "CreateRecord",
              "apiId": "/providers/Microsoft.PowerApps/apis/shared_commondataserviceforapps"
            },
            "parameters": {
              "entityName": "bar_fases",
              "item/bar_torneo@odata.bind": "bar_torneos(@{outputs('Crear_Torneo')?['body/bar_torneoid']})",
              "item/bar_descripcion": "Fase Demo",
              "item/statecode": 0,
              "item/bar_name": "Fase Demo",
              "item/statuscode": 755230000
            },
            "authentication": {
              "type": "Raw",
              "value": "@json(decodeBase64(triggerOutputs().headers['X-MS-APIM-Tokens']))['$ConnectionKey']"
            }
          }
        },
        "Crear_Fecha": {
          "runAfter": {
            "Crear_Fase": [
              "Succeeded"
            ]
          },
          "metadata": {
            "operationMetadataId": "8247c6be-2689-459a-95e2-7ea77db8b311"
          },
          "type": "OpenApiConnection",
          "inputs": {
            "host": {
              "connectionName": "shared_commondataserviceforapps_1",
              "operationId": "CreateRecord",
              "apiId": "/providers/Microsoft.PowerApps/apis/shared_commondataserviceforapps"
            },
            "parameters": {
              "entityName": "bar_fechas",
              "item/bar_fase@odata.bind": "bar_fases(@{outputs('Crear_Fase')?['body/bar_faseid']})",
              "item/bar_fechafin": "@addDays(utcNow(),30)",
              "item/bar_fechainicio": "@utcNow()",
              "item/bar_descripcion": "Fecha Demo",
              "item/statecode": 0,
              "item/bar_name": "Fecha Demo",
              "item/statuscode": 755230004
            },
            "authentication": {
              "type": "Raw",
              "value": "@json(decodeBase64(triggerOutputs().headers['X-MS-APIM-Tokens']))['$ConnectionKey']"
            }
          }
        },
        "Crear_Partido_1": {
          "runAfter": {
            "Crear_Fecha": [
              "Succeeded"
            ]
          },
          "metadata": {
            "operationMetadataId": "7590b718-0ec1-47b9-8cc3-d363093115af"
          },
          "type": "OpenApiConnection",
          "inputs": {
            "host": {
              "connectionName": "shared_commondataserviceforapps_1",
              "operationId": "CreateRecord",
              "apiId": "/providers/Microsoft.PowerApps/apis/shared_commondataserviceforapps"
            },
            "parameters": {
              "entityName": "bar_partidos",
              "item/bar_fecha@odata.bind": "bar_fechas(@{outputs('Crear_Fecha')?['body/bar_fechaid']})",
              "item/bar_fechapartido": "@utcNow()",
              "item/bar_local": "Equipo A",
              "item/bar_visitante": "Equipo B",
              "item/bar_descripcion": "Equipo A vs Equipo B",
              "item/bar_sede": "Sede Demo",
              "item/statecode": 0,
              "item/bar_name": "Equipo A vs Equipo B",
              "item/statuscode": 755230000
            },
            "authentication": {
              "type": "Raw",
              "value": "@json(decodeBase64(triggerOutputs().headers['X-MS-APIM-Tokens']))['$ConnectionKey']"
            }
          }
        },
        "Crear_Partido_2": {
          "runAfter": {
            "Crear_Partido_1": [
              "Succeeded"
            ]
          },
          "metadata": {
            "operationMetadataId": "c4b078cc-02d8-4f36-9130-25cb0694ef85"
          },
          "type": "OpenApiConnection",
          "inputs": {
            "host": {
              "connectionName": "shared_commondataserviceforapps_1",
              "operationId": "CreateRecord",
              "apiId": "/providers/Microsoft.PowerApps/apis/shared_commondataserviceforapps"
            },
            "parameters": {
              "entityName": "bar_partidos",
              "item/bar_fecha@odata.bind": "bar_fechas(@{outputs('Crear_Fecha')?['body/bar_fechaid']})",
              "item/bar_fechapartido": "@addDays(utcNow(),3)",
              "item/bar_local": "Equipo C",
              "item/bar_visitante": "Equipo D",
              "item/bar_descripcion": "Equipo C vs Equipo D",
              "item/bar_sede": "Sede Demo",
              "item/statecode": 0,
              "item/bar_name": "Equipo C vs Equipo D",
              "item/statuscode": 755230000
            },
            "authentication": {
              "type": "Raw",
              "value": "@json(decodeBase64(triggerOutputs().headers['X-MS-APIM-Tokens']))['$ConnectionKey']"
            }
          }
        },
        "Crear_Partido_3": {
          "runAfter": {
            "Crear_Partido_2": [
              "Succeeded"
            ]
          },
          "metadata": {
            "operationMetadataId": "da7d4bed-f63b-4a48-b463-981ec6202ac0"
          },
          "type": "OpenApiConnection",
          "inputs": {
            "host": {
              "connectionName": "shared_commondataserviceforapps_1",
              "operationId": "CreateRecord",
              "apiId": "/providers/Microsoft.PowerApps/apis/shared_commondataserviceforapps"
            },
            "parameters": {
              "entityName": "bar_partidos",
              "item/bar_fecha@odata.bind": "bar_fechas(@{outputs('Crear_Fecha')?['body/bar_fechaid']})",
              "item/bar_fechapartido": "@addDays(utcNow(),6)",
              "item/bar_local": "Equipo E",
              "item/bar_visitante": "Equipo F",
              "item/bar_descripcion": "Equipo E vs Equipo F",
              "item/bar_sede": "Sede Demo",
              "item/statecode": 0,
              "item/bar_name": "Equipo E vs Equipo F",
              "item/statuscode": 755230000
            },
            "authentication": {
              "type": "Raw",
              "value": "@json(decodeBase64(triggerOutputs().headers['X-MS-APIM-Tokens']))['$ConnectionKey']"
            }
          }
        }
      }
    },
    "templateName": null
  },
  "schemaVersion": "1.0.0.0"
}