{
  "properties": {
    "connectionReferences": {
      "shared_commondataserviceforapps": {
        "runtimeSource": "embedded",
        "connection": {
          "connectionReferenceLogicalName": "bar_sharedcommondataserviceforapps_e1aae"
        },
        "api": {
          "name": "shared_commondataserviceforapps"
        }
      }
    },
    "definition": {
      "$schema": "https://schema.management.azure.com/providers/Microsoft.Logic/schemas/2016-06-01/workflowdefinition.json#",
      "contentVersion": "1.0.0.0",
      "parameters": {
        "$connections": {
          "defaultValue": {},
          "type": "Object"
        },
        "$authentication": {
          "defaultValue": {},
          "type": "SecureObject"
        }
      },
      "triggers": {
        "Ejecutar_cada_un_día": {
          "recurrence": {
            "frequency": "Day",
            "interval": 1,
            "startTime": "2022-06-05T13:00:00Z"
          },
          "metadata": {
            "operationMetadataId": "2313b633-29d7-4eb3-8e04-daeae91e0811"
          },
          "type": "Recurrence"
        }
      },
      "actions": {
        "Obtener_fechas_en_estado_habilitada_para_predicciones": {
          "runAfter": {},
          "metadata": {
            "operationMetadataId": "7132075b-7d01-45a0-b422-e085b41d2286"
          },
          "type": "OpenApiConnection",
          "inputs": {
            "host": {
              "connectionName": "shared_commondataserviceforapps",
              "operationId": "ListRecords",
              "apiId": "/providers/Microsoft.PowerApps/apis/shared_commondataserviceforapps"
            },
            "parameters": {
              "entityName": "bar_fechas",
              "$filter": "statuscode eq 755230004"
            },
            "authentication": "@parameters('$authentication')"
          }
        },
        "Recorrer_cada_fecha": {
          "foreach": "@outputs('Obtener_fechas_en_estado_habilitada_para_predicciones')?['body/value']",
          "actions": {
            "Si_la_fecha_ya_inició": {
              "actions": {
                "Pasar_fecha_a_\"En_Curso\"": {
                  "runAfter": {},
                  "metadata": {
                    "operationMetadataId": "1ce740b3-6ccf-4c9d-a2a1-3308c61bbd7c"
                  },
                  "type": "OpenApiConnection",
                  "inputs": {
                    "host": {
                      "connectionName": "shared_commondataserviceforapps",
                      "operationId": "UpdateRecord",
                      "apiId": "/providers/Microsoft.PowerApps/apis/shared_commondataserviceforapps"
                    },
                    "parameters": {
                      "entityName": "bar_fechas",
                      "recordId": "@items('Recorrer_cada_fecha')?['bar_fechaid']",
                      "item/statuscode": 755230000
                    },
                    "authentication": "@parameters('$authentication')"
                  }
                }
              },
              "runAfter": {},
              "expression": {
                "lessOrEquals": [
                  "@items('Recorrer_cada_fecha')?['bar_fechainicio']",
                  "@utcNow()"
                ]
              },
              "metadata": {
                "operationMetadataId": "8edc01ea-0614-4f1f-a4cb-582489e1b843"
              },
              "type": "If"
            }
          },
          "runAfter": {
            "Obtener_fechas_en_estado_habilitada_para_predicciones": [
              "Succeeded"
            ]
          },
          "metadata": {
            "operationMetadataId": "5951669f-ac6d-4fd3-8817-85056430dcf4"
          },
          "type": "Foreach"
        }
      }
    },
    "templateName": null
  },
  "schemaVersion": "1.0.0.0"
}