{
  "properties": {
    "connectionReferences": {
      "shared_commondataserviceforapps": {
        "runtimeSource": "embedded",
        "connection": {
          "connectionReferenceLogicalName": "bar_sharedcommondataserviceforapps_e1aae"
        },
        "api": {
          "name": "shared_commondataserviceforapps"
        }
      }
    },
    "definition": {
      "$schema": "https://schema.management.azure.com/providers/Microsoft.Logic/schemas/2016-06-01/workflowdefinition.json#",
      "contentVersion": "1.0.0.0",
      "parameters": {
        "$connections": {
          "defaultValue": {},
          "type": "Object"
        },
        "$authentication": {
          "defaultValue": {},
          "type": "SecureObject"
        }
      },
      "triggers": {
        "Fecha_finalizada": {
          "metadata": {
            "operationMetadataId": "ff9aa9e3-58de-4381-a40e-fced59f1ab13"
          },
          "type": "OpenApiConnectionWebhook",
          "inputs": {
            "host": {
              "connectionName": "shared_commondataserviceforapps",
              "operationId": "SubscribeWebhookTrigger",
              "apiId": "/providers/Microsoft.PowerApps/apis/shared_commondataserviceforapps"
            },
            "parameters": {
              "subscriptionRequest/message": 3,
              "subscriptionRequest/entityname": "bar_fecha",
              "subscriptionRequest/scope": 4,
              "subscriptionRequest/filterexpression": "statuscode eq 755230001"
            },
            "authentication": "@parameters('$authentication')"
          }
        }
      },
      "actions": {
        "Traer_partidos_de_la_fecha_y_que_esten_finalizados": {
          "runAfter": {
            "Actualizar_una_fila_4": [
              "Succeeded"
            ]
          },
          "metadata": {
            "operationMetadataId": "ab4f87e0-ddb5-4a07-a896-e3e8f78da4df"
          },
          "type": "OpenApiConnection",
          "inputs": {
            "host": {
              "connectionName": "shared_commondataserviceforapps",
              "operationId": "ListRecords",
              "apiId": "/providers/Microsoft.PowerApps/apis/shared_commondataserviceforapps"
            },
            "parameters": {
              "entityName": "bar_partidos",
              "$filter": "_bar_fecha_value eq @{triggerOutputs()?['body/bar_fechaid']} and statuscode eq 755230001"
            },
            "authentication": "@parameters('$authentication')"
          }
        },
        "Aplicar_a_cada_uno": {
          "foreach": "@outputs('Traer_partidos_de_la_fecha_y_que_esten_finalizados')?['body/value']",
          "actions": {
            "Por_cada_partido_traer_las_predicciones_confirmadas_para_calcular": {
              "runAfter": {},
              "metadata": {
                "operationMetadataId": "5b85821e-23d0-4f3d-97e6-498d74cbe3a3"
              },
              "type": "OpenApiConnection",
              "inputs": {
                "host": {
                  "connectionName": "shared_commondataserviceforapps",
                  "operationId": "ListRecords",
                  "apiId": "/providers/Microsoft.PowerApps/apis/shared_commondataserviceforapps"
                },
                "parameters": {
                  "entityName": "bar_jugadadetalles",
                  "$filter": "_bar_partido_value eq @{items('Aplicar_a_cada_uno')?['bar_partidoid']} and statuscode eq 755230000"
                },
                "authentication": "@parameters('$authentication')"
              }
            },
            "Actualizar_cada_predicción": {
              "foreach": "@outputs('Por_cada_partido_traer_las_predicciones_confirmadas_para_calcular')?['body/value']",
              "actions": {
                "Condición": {
                  "actions": {
                    "Actualizar_una_fila": {
                      "runAfter": {},
                      "metadata": {
                        "operationMetadataId": "1a847e5e-e649-4ba0-92df-5159c6ce419a"
                      },
                      "type": "OpenApiConnection",
                      "inputs": {
                        "host": {
                          "connectionName": "shared_commondataserviceforapps",
                          "operationId": "UpdateRecord",
                          "apiId": "/providers/Microsoft.PowerApps/apis/shared_commondataserviceforapps"
                        },
                        "parameters": {
                          "entityName": "bar_jugadadetalles",
                          "recordId": "@items('Actualizar_cada_predicción')?['bar_jugadadetalleid']",
                          "item/bar_resultadoprediccion": 755230001
                        },
                        "authentication": "@parameters('$authentication')"
                      }
                    }
                  },
                  "runAfter": {},
                  "else": {
                    "actions": {
                      "Actualizar_una_fila_2": {
                        "runAfter": {},
                        "metadata": {
                          "operationMetadataId": "9e57f9c9-975e-41de-8caa-6b9a0a835325"
                        },
                        "type": "OpenApiConnection",
                        "inputs": {
                          "host": {
                            "connectionName": "shared_commondataserviceforapps",
                            "operationId": "UpdateRecord",
                            "apiId": "/providers/Microsoft.PowerApps/apis/shared_commondataserviceforapps"
                          },
                          "parameters": {
                            "entityName": "bar_jugadadetalles",
                            "recordId": "@items('Actualizar_cada_predicción')?['bar_jugadadetalleid']",
                            "item/bar_resultadoprediccion": 755230002
                          },
                          "authentication": "@parameters('$authentication')"
                        }
                      }
                    }
                  },
                  "expression": {
                    "equals": [
                      "@items('Aplicar_a_cada_uno')?['bar_resultadodelpartido']",
                      "@items('Actualizar_cada_predicción')?['bar_resultado']"
                    ]
                  },
                  "metadata": {
                    "operationMetadataId": "b51c6cee-68d6-4046-b92f-37640edb9b91"
                  },
                  "type": "If"
                }
              },
              "runAfter": {
                "Por_cada_partido_traer_las_predicciones_confirmadas_para_calcular": [
                  "Succeeded"
                ]
              },
              "metadata": {
                "operationMetadataId": "711a3e7d-5302-4969-a11e-8ce5fe51c62d"
              },
              "type": "Foreach"
            },
            "Actualizar_una_fila_3": {
              "runAfter": {
                "Actualizar_cada_predicción": [
                  "Succeeded"
                ]
              },
              "metadata": {
                "operationMetadataId": "f0ac9132-5ceb-46a3-b88f-83947acc79bc"
              },
              "type": "OpenApiConnection",
              "inputs": {
                "host": {
                  "connectionName": "shared_commondataserviceforapps",
                  "operationId": "UpdateRecord",
                  "apiId": "/providers/Microsoft.PowerApps/apis/shared_commondataserviceforapps"
                },
                "parameters": {
                  "entityName": "bar_partidos",
                  "recordId": "@items('Aplicar_a_cada_uno')?['bar_partidoid']",
                  "item/statuscode": 755230002
                },
                "authentication": "@parameters('$authentication')"
              }
            }
          },
          "runAfter": {
            "Traer_partidos_de_la_fecha_y_que_esten_finalizados": [
              "Succeeded"
            ]
          },
          "metadata": {
            "operationMetadataId": "d622014f-ba51-464b-a381-4360f8c63928"
          },
          "type": "Foreach"
        },
        "Actualizar_una_fila_4": {
          "runAfter": {},
          "metadata": {
            "operationMetadataId": "96637594-bd91-4040-8c9f-1f0d0d84734e"
          },
          "type": "OpenApiConnection",
          "inputs": {
            "host": {
              "connectionName": "shared_commondataserviceforapps",
              "operationId": "UpdateRecord",
              "apiId": "/providers/Microsoft.PowerApps/apis/shared_commondataserviceforapps"
            },
            "parameters": {
              "entityName": "bar_fechas",
              "recordId": "@triggerOutputs()?['body/bar_fechaid']",
              "item/bar_logprocesocalculo": "Proceso de cálculo de aciertos en curso.",
              "item/statuscode": 755230003
            },
            "authentication": "@parameters('$authentication')"
          }
        },
        "Actualizar_una_fila_5": {
          "runAfter": {
            "Aplicar_a_cada_uno": [
              "Succeeded"
            ]
          },
          "metadata": {
            "operationMetadataId": "2214a603-5e90-4516-a575-def67942c192"
          },
          "type": "OpenApiConnection",
          "inputs": {
            "host": {
              "connectionName": "shared_commondataserviceforapps",
              "operationId": "UpdateRecord",
              "apiId": "/providers/Microsoft.PowerApps/apis/shared_commondataserviceforapps"
            },
            "parameters": {
              "entityName": "bar_fechas",
              "recordId": "@triggerOutputs()?['body/bar_fechaid']",
              "item/bar_logprocesocalculo": "Proceso de cálculo de ganadores finalizado. Revise el panel de estadísticas.",
              "item/statuscode": 755230002
            },
            "authentication": "@parameters('$authentication')"
          }
        },
        "Enumerar_filas": {
          "runAfter": {
            "Actualizar_una_fila_5": [
              "Succeeded"
            ]
          },
          "metadata": {
            "operationMetadataId": "2feac121-5db2-448f-b092-9afc5b52d824"
          },
          "type": "OpenApiConnection",
          "inputs": {
            "host": {
              "connectionName": "shared_commondataserviceforapps",
              "operationId": "ListRecords",
              "apiId": "/providers/Microsoft.PowerApps/apis/shared_commondataserviceforapps"
            },
            "parameters": {
              "entityName": "bar_jugadas",
              "$filter": "_bar_fecha_value eq @{outputs('Actualizar_una_fila_5')?['body/bar_fechaid']}"
            },
            "authentication": "@parameters('$authentication')"
          }
        },
        "Aplicar_a_cada_uno_2": {
          "foreach": "@outputs('Enumerar_filas')?['body/value']",
          "actions": {
            "Actualizar_una_fila_6": {
              "runAfter": {},
              "metadata": {
                "operationMetadataId": "609a9b1c-df37-4981-95c5-fe1239618da0"
              },
              "type": "OpenApiConnection",
              "inputs": {
                "host": {
                  "connectionName": "shared_commondataserviceforapps",
                  "operationId": "UpdateRecord",
                  "apiId": "/providers/Microsoft.PowerApps/apis/shared_commondataserviceforapps"
                },
                "parameters": {
                  "entityName": "bar_jugadas",
                  "recordId": "@items('Aplicar_a_cada_uno_2')?['bar_jugadaid']",
                  "item/statuscode": 755230001
                },
                "authentication": "@parameters('$authentication')"
              }
            }
          },
          "runAfter": {
            "Enumerar_filas": [
              "Succeeded"
            ]
          },
          "metadata": {
            "operationMetadataId": "7a968c45-a8ef-484c-ac14-b19270f9bc41"
          },
          "type": "Foreach"
        }
      }
    }
  },
  "schemaVersion": "1.0.0.0"
}