{
  "properties": {
    "connectionReferences": {
      "shared_commondataserviceforapps": {
        "runtimeSource": "embedded",
        "connection": {
          "connectionReferenceLogicalName": "bar_sharedcommondataserviceforapps_e1aae"
        },
        "api": {
          "name": "shared_commondataserviceforapps"
        }
      }
    },
    "definition": {
      "$schema": "https://schema.management.azure.com/providers/Microsoft.Logic/schemas/2016-06-01/workflowdefinition.json#",
      "contentVersion": "1.0.0.0",
      "parameters": {
        "$connections": {
          "defaultValue": {},
          "type": "Object"
        },
        "$authentication": {
          "defaultValue": {},
          "type": "SecureObject"
        }
      },
      "triggers": {
        "Cuando_se_agrega,_modifica_o_elimina_una_fila": {
          "metadata": {
            "operationMetadataId": "92b80e7b-529f-40df-a394-cbe726805c89"
          },
          "type": "OpenApiConnectionWebhook",
          "inputs": {
            "host": {
              "connectionName": "shared_commondataserviceforapps",
              "operationId": "SubscribeWebhookTrigger",
              "apiId": "/providers/Microsoft.PowerApps/apis/shared_commondataserviceforapps"
            },
            "parameters": {
              "subscriptionRequest/message": 3,
              "subscriptionRequest/entityname": "bar_jugada",
              "subscriptionRequest/scope": 4,
              "subscriptionRequest/filterexpression": "statuscode eq 755230000"
            },
            "authentication": "@parameters('$authentication')"
          }
        }
      },
      "actions": {
        "Enumerar_filas": {
          "runAfter": {},
          "metadata": {
            "operationMetadataId": "6bc89eb1-c203-47ec-aa96-159d47050dd9"
          },
          "type": "OpenApiConnection",
          "inputs": {
            "host": {
              "connectionName": "shared_commondataserviceforapps",
              "operationId": "ListRecords",
              "apiId": "/providers/Microsoft.PowerApps/apis/shared_commondataserviceforapps"
            },
            "parameters": {
              "entityName": "bar_partidos",
              "$filter": "_bar_fecha_value eq @{triggerOutputs()?['body/_bar_fecha_value']}"
            },
            "authentication": "@parameters('$authentication')"
          }
        },
        "Aplicar_a_cada_uno": {
          "foreach": "@outputs('Enumerar_filas')?['body/value']",
          "actions": {
            "Agregar_una_fila_nueva": {
              "runAfter": {},
              "metadata": {
                "operationMetadataId": "587ad701-3012-4a02-bbb3-6475a17833b1"
              },
              "type": "OpenApiConnection",
              "inputs": {
                "host": {
                  "connectionName": "shared_commondataserviceforapps",
                  "operationId": "CreateRecord",
                  "apiId": "/providers/Microsoft.PowerApps/apis/shared_commondataserviceforapps"
                },
                "parameters": {
                  "entityName": "bar_jugadadetalles",
                  "item/statecode": 0,
                  "item/bar_jugada@odata.bind": "bar_jugadas(@{triggerOutputs()?['body/bar_jugadaid']})",
                  "item/bar_Jugador@odata.bind": "bar_jugadorprodes(@{triggerOutputs()?['body/_bar_jugadorprode_value']})",
                  "item/bar_partido@odata.bind": "bar_partidos(@{items('Aplicar_a_cada_uno')?['bar_partidoid']})",
                  "item/statuscode": 1
                },
                "authentication": "@parameters('$authentication')"
              }
            }
          },
          "runAfter": {
            "Enumerar_filas": [
              "Succeeded"
            ]
          },
          "metadata": {
            "operationMetadataId": "eba27d22-8799-4ce8-bf98-e3da00c1e249"
          },
          "type": "Foreach"
        }
      }
    }
  },
  "schemaVersion": "1.0.0.0"
}