{
  "properties": {
    "connectionReferences": {
      "shared_commondataserviceforapps_1": {
        "runtimeSource": "embedded",
        "connection": {
          "connectionReferenceLogicalName": "bar_sharedcommondataserviceforapps_e1aae"
        },
        "api": {
          "name": "shared_commondataserviceforapps"
        }
      }
    },
    "definition": {
      "$schema": "https://schema.management.azure.com/providers/Microsoft.Logic/schemas/2016-06-01/workflowdefinition.json#",
      "contentVersion": "1.0.0.0",
      "parameters": {
        "$connections": {
          "defaultValue": {},
          "type": "Object"
        },
        "$authentication": {
          "defaultValue": {},
          "type": "SecureObject"
        }
      },
      "triggers": {
        "Cuando_se_agrega,_modifica_o_elimina_una_fila": {
          "metadata": {
            "operationMetadataId": "92b80e7b-529f-40df-a394-cbe726805c89"
          },
          "type": "OpenApiConnectionWebhook",
          "inputs": {
            "host": {
              "connectionName": "shared_commondataserviceforapps_1",
              "operationId": "SubscribeWebhookTrigger",
              "apiId": "/providers/Microsoft.PowerApps/apis/shared_commondataserviceforapps"
            },
            "parameters": {
              "subscriptionRequest/message": 1,
              "subscriptionRequest/entityname": "bar_jugada",
              "subscriptionRequest/scope": 4,
              "subscriptionRequest/filterexpression": "statuscode eq 755230000"
            },
            "authentication": "@parameters('$authentication')"
          }
        }
      },
      "actions": {
        "Enumerar_filas": {
          "runAfter": {
            "Condición_2": [
              "Succeeded"
            ]
          },
          "metadata": {
            "operationMetadataId": "6bc89eb1-c203-47ec-aa96-159d47050dd9"
          },
          "type": "OpenApiConnection",
          "inputs": {
            "host": {
              "connectionName": "shared_commondataserviceforapps_1",
              "operationId": "ListRecords",
              "apiId": "/providers/Microsoft.PowerApps/apis/shared_commondataserviceforapps"
            },
            "parameters": {
              "entityName": "bar_partidos",
              "$filter": "_bar_fecha_value eq @{triggerOutputs()?['body/_bar_fecha_value']}"
            },
            "authentication": "@parameters('$authentication')"
          }
        },
        "Aplicar_a_cada_uno": {
          "foreach": "@outputs('Enumerar_filas')?['body/value']",
          "actions": {
            "Agregar_una_fila_nueva": {
              "runAfter": {},
              "metadata": {
                "operationMetadataId": "587ad701-3012-4a02-bbb3-6475a17833b1"
              },
              "type": "OpenApiConnection",
              "inputs": {
                "host": {
                  "connectionName": "shared_commondataserviceforapps_1",
                  "operationId": "CreateRecord",
                  "apiId": "/providers/Microsoft.PowerApps/apis/shared_commondataserviceforapps"
                },
                "parameters": {
                  "entityName": "bar_jugadadetalles",
                  "item/statecode": 0,
                  "item/bar_jugada@odata.bind": "bar_jugadas(@{triggerOutputs()?['body/bar_jugadaid']})",
                  "item/bar_Jugador@odata.bind": "bar_jugadorprodes(@{triggerOutputs()?['body/_bar_jugadorprode_value']})",
                  "item/bar_partido@odata.bind": "bar_partidos(@{items('Aplicar_a_cada_uno')?['bar_partidoid']})",
                  "item/statuscode": 1
                },
                "authentication": "@parameters('$authentication')"
              }
            },
            "Incrementar_variable": {
              "runAfter": {
                "Agregar_una_fila_nueva": [
                  "Succeeded"
                ]
              },
              "metadata": {
                "operationMetadataId": "e804a162-21cd-4009-8c70-42cd8fdf76f5"
              },
              "type": "IncrementVariable",
              "inputs": {
                "name": "Predicciones totales",
                "value": 1
              }
            }
          },
          "runAfter": {
            "Enumerar_filas": [
              "Succeeded"
            ]
          },
          "metadata": {
            "operationMetadataId": "eba27d22-8799-4ce8-bf98-e3da00c1e249"
          },
          "type": "Foreach"
        },
        "Enumerar_filas_2": {
          "runAfter": {
            "Inicializar_variable": [
              "Succeeded"
            ]
          },
          "metadata": {
            "operationMetadataId": "1e82873f-c3da-4b03-a70e-85a1c5d959fd"
          },
          "type": "OpenApiConnection",
          "inputs": {
            "host": {
              "connectionName": "shared_commondataserviceforapps_1",
              "operationId": "ListRecords",
              "apiId": "/providers/Microsoft.PowerApps/apis/shared_commondataserviceforapps"
            },
            "parameters": {
              "entityName": "bar_estadisticatorneojugadors",
              "$filter": "_bar_torneo_value eq @{triggerOutputs()?['body/_bar_torneo_value']} and _bar_jugadorprode_value eq @{triggerOutputs()?['body/_bar_jugadorprode_value']}"
            },
            "authentication": "@parameters('$authentication')"
          }
        },
        "Condición_2": {
          "actions": {
            "Agregar_una_fila_nueva_3": {
              "runAfter": {
                "Obtener_una_fila_por_id": [
                  "Succeeded"
                ]
              },
              "metadata": {
                "operationMetadataId": "6470a122-bdd7-44cc-95f2-15b4c179883f"
              },
              "type": "OpenApiConnection",
              "inputs": {
                "host": {
                  "connectionName": "shared_commondataserviceforapps_1",
                  "operationId": "CreateRecord",
                  "apiId": "/providers/Microsoft.PowerApps/apis/shared_commondataserviceforapps"
                },
                "parameters": {
                  "entityName": "bar_estadisticatorneojugadors",
                  "item/bar_jugadorprode@odata.bind": "bar_jugadorprodes(@{triggerOutputs()?['body/_bar_jugadorprode_value']})",
                  "item/bar_torneo@odata.bind": "bar_torneos(@{triggerOutputs()?['body/_bar_torneo_value']})",
                  "item/bar_torneojugador": "Estadística creada desde Power automate @{utcNow()}",
                  "item/bar_puntajeporacierto": "@outputs('Obtener_una_fila_por_id')?['body/bar_puntosporacierto']"
                },
                "authentication": "@parameters('$authentication')"
              }
            },
            "Obtener_una_fila_por_id": {
              "runAfter": {},
              "metadata": {
                "operationMetadataId": "0c0ba937-361a-47c8-9cb0-9f7912b5641c"
              },
              "type": "OpenApiConnection",
              "inputs": {
                "host": {
                  "connectionName": "shared_commondataserviceforapps_1",
                  "operationId": "GetItem",
                  "apiId": "/providers/Microsoft.PowerApps/apis/shared_commondataserviceforapps"
                },
                "parameters": {
                  "entityName": "bar_torneos",
                  "recordId": "@triggerOutputs()?['body/_bar_torneo_value']"
                },
                "authentication": "@parameters('$authentication')"
              }
            }
          },
          "runAfter": {
            "Enumerar_filas_2": [
              "Succeeded"
            ]
          },
          "expression": {
            "equals": [
              "@empty(outputs('Enumerar_filas_2')?['body/value'])",
              true
            ]
          },
          "metadata": {
            "operationMetadataId": "4caec836-ef94-4f22-9c05-c733a100a66a"
          },
          "type": "If"
        },
        "Inicializar_variable": {
          "runAfter": {},
          "metadata": {
            "operationMetadataId": "790a8279-5102-49a4-8c64-dea9f9d805f5"
          },
          "type": "InitializeVariable",
          "inputs": {
            "variables": [
              {
                "name": "Predicciones totales",
                "type": "integer",
                "value": 0
              }
            ]
          }
        },
        "Actualizar_una_fila": {
          "runAfter": {
            "Aplicar_a_cada_uno": [
              "Succeeded"
            ]
          },
          "metadata": {
            "operationMetadataId": "2c3cfa65-e116-43b0-91c2-a8bd38f46c85"
          },
          "type": "OpenApiConnection",
          "inputs": {
            "host": {
              "connectionName": "shared_commondataserviceforapps_1",
              "operationId": "UpdateRecord",
              "apiId": "/providers/Microsoft.PowerApps/apis/shared_commondataserviceforapps"
            },
            "parameters": {
              "entityName": "bar_jugadas",
              "recordId": "@triggerOutputs()?['body/bar_jugadaid']",
              "item/bar_aciertostotales": 0,
              "item/bar_desaciertostotales": 0,
              "item/bar_prediccionestotales": "@variables('Predicciones totales')"
            },
            "authentication": "@parameters('$authentication')"
          }
        }
      }
    },
    "templateName": null
  },
  "schemaVersion": "1.0.0.0"
}