{
  "properties": {
    "connectionReferences": {
      "shared_commondataserviceforapps": {
        "runtimeSource": "embedded",
        "connection": {
          "connectionReferenceLogicalName": "bar_sharedcommondataserviceforapps_e1aae"
        },
        "api": {
          "name": "shared_commondataserviceforapps"
        }
      }
    },
    "definition": {
      "$schema": "https://schema.management.azure.com/providers/Microsoft.Logic/schemas/2016-06-01/workflowdefinition.json#",
      "contentVersion": "1.0.0.0",
      "parameters": {
        "$connections": {
          "defaultValue": {},
          "type": "Object"
        },
        "$authentication": {
          "defaultValue": {},
          "type": "SecureObject"
        }
      },
      "triggers": {
        "Recurrence": {
          "recurrence": {
            "frequency": "Hour",
            "interval": 12,
            "startTime": "2022-06-14T13:00:00Z"
          },
          "metadata": {
            "operationMetadataId": "679e7ce8-4bfa-4b7d-8160-0ee41e199dc9"
          },
          "type": "Recurrence"
        }
      },
      "actions": {
        "Traer_torneos_activos": {
          "runAfter": {},
          "metadata": {
            "operationMetadataId": "c6b6702f-9233-4b5d-add0-936515c20216"
          },
          "type": "OpenApiConnection",
          "inputs": {
            "host": {
              "connectionName": "shared_commondataserviceforapps",
              "operationId": "ListRecords",
              "apiId": "/providers/Microsoft.PowerApps/apis/shared_commondataserviceforapps"
            },
            "parameters": {
              "entityName": "bar_torneos",
              "$select": "bar_torneoid,bar_puntosporacierto",
              "$filter": "statuscode eq 755230000"
            },
            "authentication": "@parameters('$authentication')"
          }
        },
        "Aplicar_a_cada_uno": {
          "foreach": "@outputs('Traer_torneos_activos')?['body/value']",
          "actions": {
            "Obtener_las_estadisticas_del_torneo": {
              "runAfter": {},
              "metadata": {
                "operationMetadataId": "e3e5445d-e18d-4ff7-92d5-128a936fce44"
              },
              "type": "OpenApiConnection",
              "inputs": {
                "host": {
                  "connectionName": "shared_commondataserviceforapps",
                  "operationId": "ListRecords",
                  "apiId": "/providers/Microsoft.PowerApps/apis/shared_commondataserviceforapps"
                },
                "parameters": {
                  "entityName": "bar_estadisticatorneojugadors",
                  "$filter": "_bar_torneo_value eq @{items('Aplicar_a_cada_uno')?['bar_torneoid']}"
                },
                "authentication": "@parameters('$authentication')"
              }
            },
            "Aplicar_a_cada_uno_2": {
              "foreach": "@outputs('Obtener_las_estadisticas_del_torneo')?['body/value']",
              "actions": {
                "Actualizar_estadistica": {
                  "runAfter": {},
                  "metadata": {
                    "operationMetadataId": "b65e645e-5451-440c-8285-f74bbb5f9d4c"
                  },
                  "type": "OpenApiConnection",
                  "inputs": {
                    "host": {
                      "connectionName": "shared_commondataserviceforapps",
                      "operationId": "UpdateRecord",
                      "apiId": "/providers/Microsoft.PowerApps/apis/shared_commondataserviceforapps"
                    },
                    "parameters": {
                      "entityName": "bar_estadisticatorneojugadors",
                      "recordId": "@items('Aplicar_a_cada_uno_2')?['bar_estadisticatorneojugadorid']",
                      "item/bar_fechadeproceso": "@utcNow()",
                      "item/bar_puntajeporacierto": "@items('Aplicar_a_cada_uno')?['bar_puntosporacierto']"
                    },
                    "authentication": "@parameters('$authentication')"
                  }
                }
              },
              "runAfter": {
                "Obtener_las_estadisticas_del_torneo": [
                  "Succeeded"
                ]
              },
              "metadata": {
                "operationMetadataId": "83ab678e-fe12-45ae-bdd9-9f8768046a3a"
              },
              "type": "Foreach"
            }
          },
          "runAfter": {
            "Traer_torneos_activos": [
              "Succeeded"
            ]
          },
          "metadata": {
            "operationMetadataId": "f7d4e838-1f13-4fc0-ad72-6896702e6691"
          },
          "type": "Foreach"
        }
      }
    },
    "templateName": ""
  },
  "schemaVersion": "1.0.0.0"
}